{
  "bcMultiplier1": "1",
  "bcMaxY": "100",
  "lgMaxY": "100",
  "lgVisible1": "1.0",
  "lgVisible2": "1.0",
  "lgVisible5": "0.0",
  "lgVisible6": "0.0",
  "lgVisible3": "1.0",
  "lgVisible4": "0.0",
  "bcMultiplier6": "1",
  "bcMultiplier3": "1",
  "bcMultiplier2": "1",
  "bcMultiplier5": "0.3",
  "bcMultiplier4": "1",
  "lgMultiplier2": "5",
  "lgMultiplier3": "1",
  "lgMultiplier1": "0.05",
  "lgMultiplier6": "1",
  "lgMultiplier4": "5",
  "lgMultiplier5": "0.1",
  "bcVisible3": "1.0",
  "bcVisible4": "0.0",
  "lgMinY": "-100",
  "bcMinY": "0",
  "bcVisible1": "1.0",
  "bcVisible2": "1.0",
  "bcVisible5": "0.0",
  "bcVisible6": "0.0"
}